菜品名称,门店数,销量,销售额,均价,主食材,主辅佐引,原始分类,工业采购饮料,累计销售额占比%
潮发4人餐,10,24796,7959516.0,321.0,线上套餐,辅,线上套餐,否,15.5
鲜牛丸2人餐,10,33817,6002517.5,177.5,牛肉,辅,线上套餐,否,27.19
吊龙肉（半斤）,10,25174,2013920.0,80.0,牛肉,主,斤选牛肉,否,31.12
吊龙肉（涮12秒）,10,51230,1946740.0,38.0,牛肉,主,自家鲜牛肉,否,34.91
自助酱料费,10,296326,1777956.0,6.0,其他,,其他,否,38.37
牛骨清汤,10,81071,1621420.0,20.0,必点锅底,辅,必点锅底,否,41.53
嫩牛肉（涮12秒）,10,45648,1337298.0,29.0,牛肉,主,自家鲜牛肉,否,44.13
至尊套餐不参与其他优惠,10,4222,1215936.0,288.0,线下套餐,辅,线下套餐,否,46.5
潮發2人餐不参与其他优惠,10,6300,1171800.0,186.0,线下套餐,辅,线下套餐,否,48.78
雪花肉（半斤）,10,10701,1127245.0,105.0,牛肉,主,斤选牛肉,否,50.98
嫩牛肉（半斤）,10,15421,1087075.0,70.0,牛肉,主,斤选牛肉,否,53.1
鲜丸套餐不参与其他优惠（广佛）,9,7312,1082176.0,148.0,线下套餐,辅,线下套餐,否,55.2
雪花肉（涮16秒）,10,25351,1064742.0,42.0,牛肉,主,自家鲜牛肉,否,57.28
肥牛肉（涮16秒）,10,31691,1055151.0,33.0,牛肉,主,自家鲜牛肉,否,59.33
三花趾（涮12秒）,10,23201,907085.0,39.0,牛肉,主,自家鲜牛肉,否,61.1
牛胸口油（涮30秒）,10,24144,875036.0,36.0,牛肉,主,自家鲜牛肉,否,62.8
匙仁肉（涮12秒）,10,22894,869972.0,38.0,牛肉,主,自家鲜牛肉,否,64.5
五花趾（涮12秒）,10,19229,807618.0,42.0,牛肉,主,自家鲜牛肉,否,66.07
肥牛肉（半斤）,10,9523,761840.0,80.0,牛肉,主,斤选牛肉,否,67.56
匙仁肉（半斤）,10,8609,731765.0,85.0,牛肉,主,斤选牛肉,否,68.98
匙柄肉（涮12秒）,10,18597,706686.0,38.0,牛肉,主,自家鲜牛肉,否,70.36
三花趾（半斤）,10,7866,668610.0,85.0,牛肉,主,斤选牛肉,否,71.66
生牛丸（煮10分钟）份,10,20754,668058.0,32.0,牛肉,主,自家鲜牛肉,否,72.96
湿炒牛肉粿条,9,19668,629376.0,32.0,牛肉,引,主食,否,74.19
牛百叶（涮10秒）,10,14755,531180.0,36.0,牛肉,辅,牛丸牛杂,否,75.22
现烤鲜牛肉串,10,50851,522450.0,10.0,牛肉,主,自家鲜牛肉串,否,76.24
时蔬,10,51755,483414.0,9.0,蔬菜及配菜,佐,营养配菜,否,77.18
至尊七宝,10,1798,481864.0,268.0,牛肉,主,自家鲜牛肉,否,78.12
匙柄肉（半斤）,10,5354,455090.0,85.0,牛肉,主,斤选牛肉,否,79.01
鸭屎香柠檬茶,10,66111,436332.6,6.6,自制茶饮,引,饮品啤酒白酒洋酒,否,79.86
牛舌（涮12秒）,10,11021,418798.0,38.0,牛肉,主,自家鲜牛肉,否,80.67
双层肉（涮16秒）,10,11442,411912.0,36.0,牛肉,主,自家鲜牛肉,否,81.47
生牛丸（煮10分钟）半份,10,22044,357446.0,16.0,牛肉,主,自家鲜牛肉,否,82.17
七彩缤纷拼盘,10,9248,276375.0,29.0,蔬菜及配菜,佐,营养配菜,否,82.71
至尊牛丸（煮5分钟）份,10,7803,265302.0,34.0,牛肉,辅,牛丸牛杂,否,83.22
云南菌菇拼盘.（煮8分钟）,10,4988,239424.0,48.0,蔬菜及配菜,佐,营养配菜,否,83.69
F1 鲜和牛,9,5963,237923.7,39.9,牛肉,主,自家鲜牛肉,否,84.15
粿条,10,35909,236999.4,6.6,米面,引,主食,否,84.62
双层肉（半斤）,10,2647,211760.0,80.0,牛肉,主,斤选牛肉,否,85.03
炸腐竹,10,13237,207170.0,15.0,蔬菜及配菜,佐,营养配菜,否,85.43
有嚼劲的金钱肚（煮2分钟）,10,5804,203809.0,35.0,牛肉,辅,牛丸牛杂,否,85.83
8秒海带苗,10,20479,202742.1,9.9,蔬菜及配菜,佐,营养配菜,否,86.22
吊龙肉（半斤）.,10,2503,200240.0,80.0,牛肉,主,自营斤选牛肉,否,86.61
鸭屎香柠檬茶*2杯,10,14953,197379.6,13.2,自制茶饮,引,饮品啤酒白酒洋酒,否,87.0
现烤胸口油串,10,20928,190691.0,9.0,牛肉,主,自家鲜牛肉串,否,87.37
干炒牛肉粿条,2,5773,184736.0,32.0,牛肉,引,主食,否,87.73
F1 鲜和牛（半斤）,9,1844,180712.0,98.0,牛肉,主,斤选牛肉,否,88.08
牛骨髓（煮2分钟）,10,4627,175826.0,38.0,牛肉,辅,牛丸牛杂,否,88.42
水果玉米,10,12014,170871.0,13.8,蔬菜及配菜,佐,营养配菜,否,88.76
鸳鸯锅底,10,3475,166800.0,48.0,必点锅底,辅,必点锅底,否,89.08
麻辣大满贯冒菜(配米饭),6,4148,165505.2,39.9,米面,辅,外卖套餐,否,89.4
牛大力牛骨清汤,10,5066,151980.0,30.0,必点锅底,辅,必点锅底,否,89.7
牛筋（煮2分钟）,10,4158,149688.0,36.0,牛肉,辅,牛丸牛杂,否,89.99
非遗黑豆花,10,8764,142930.0,16.0,蔬菜及配菜,佐,营养配菜,否,90.27
牛丸（煮4分钟）份,10,4764,138764.0,29.0,牛肉,辅,牛丸牛杂,否,90.54
贝贝小南瓜,10,8206,133372.0,16.0,蔬菜及配菜,佐,营养配菜,否,90.8
嫩牛肉（半斤）.,10,1893,133070.0,70.0,牛肉,主,自营斤选牛肉,否,91.06
云南牛肝菌（煮8分钟）,10,5914,130108.0,22.0,蔬菜及配菜,佐,营养配菜,否,91.31
手工鲜腐竹,10,8048,128768.0,16.0,蔬菜及配菜,佐,营养配菜,否,91.56
牛心顶（黄喉）（涮30秒）,10,3775,128350.0,34.0,牛肉,辅,牛丸牛杂,否,91.81
牛杂（煮2分钟）,10,4277,128310.0,30.0,牛肉,辅,牛丸牛杂,否,92.06
牛油辣搭清汤锅,5,2161,108548.0,48.0,必点锅底,辅,必点锅底,否,92.27
【2人火锅套餐】牛气冲天（无电锅）,9,605,106480.0,176.0,外卖套餐,,外卖套餐,否,92.48
【双人套餐】牛肉至尊（至尊牛丸+肥牛+吊龙）,10,802,103458.0,129.0,牛肉,辅,外卖套餐,否,92.68
牛丸（煮4分钟）半份,10,5337,102216.0,19.0,牛肉,辅,牛丸牛杂,否,92.88
牛腩（煮2分钟）,10,3124,99968.0,32.0,牛肉,辅,牛丸牛杂,否,93.08
牛粉肠（煮2分钟）,10,3280,95120.0,29.0,牛肉,辅,牛丸牛杂,否,93.26
食在广州酸奶,10,5952,89280.0,15.0,华农原实酸奶,,华农原实酸奶,是,93.44
潮宝矿泉水锅底,10,4796,87676.0,18.0,必点锅底,辅,必点锅底,否,93.61
湿炒牛肉粿条+可乐套餐,8,1670,86840.0,52.0,牛肉,辅,外卖套餐,否,93.78
金针菇,10,5864,83250.0,13.8,蔬菜及配菜,佐,营养配菜,否,93.94
现烤牛肉丸串,10,15880,82458.5,5.0,牛肉,主,自家鲜牛肉串,否,94.1
铁棍淮山,10,6569,81417.0,12.0,蔬菜及配菜,佐,营养配菜,否,94.26
潮汕鲜面,10,11881,80537.0,6.6,米面,引,主食,否,94.41
青笋片,10,5197,80106.0,15.0,蔬菜及配菜,佐,营养配菜,否,94.57
头水紫菜份,10,4915,78640.0,16.0,蔬菜及配菜,佐,营养配菜,否,94.72
萝卜,10,9376,77260.0,8.0,蔬菜及配菜,佐,营养配菜,否,94.87
吊龙肉（涮12秒）.,10,2005,76190.0,38.0,牛肉,主,自营鲜牛肉,否,95.02
麻辣大满贯冒菜（配米饭）+雪碧,6,1764,75675.6,42.9,米面,辅,外卖套餐,否,95.17
百威瓶装500ml,5,7158,71580.0,10.0,饮品啤酒白酒洋酒,,饮品啤酒白酒洋酒,是,95.31
匙仁肉（半斤）.,10,830,70550.0,85.0,牛肉,主,自营斤选牛肉,否,95.45
鲜丸套餐不参与其他优惠（深圳）,1,447,69732.0,156.0,线下套餐,辅,线下套餐,否,95.58
幸运蟹皇面,10,9971,69388.8,6.6,米面,引,主食,否,95.72
潮汕普宁豆干,10,4599,64940.4,13.8,蔬菜及配菜,佐,营养配菜,否,95.84
【4人火锅套餐】鲜牛到家（无电锅）,9,208,64064.0,308.0,外卖套餐,,外卖套餐,否,95.97
白玉珍珠苦瓜,10,3783,60528.0,16.0,蔬菜及配菜,佐,营养配菜,否,96.09
头水紫菜半份,10,7488,59904.0,8.0,蔬菜及配菜,佐,营养配菜,否,96.2
肥牛肉（半斤）.,10,748,59840.0,80.0,牛肉,主,自营斤选牛肉,否,96.32
面筋,10,3914,59075.0,15.0,米面,佐,营养配菜,否,96.43
雪花肉（半斤）.,10,546,57340.0,105.0,牛肉,主,自营斤选牛肉,否,96.55
五常大米饭,10,56576,56576.0,1.0,米面,引,主食,否,96.66
三花趾（半斤）.,9,636,54060.0,85.0,牛肉,主,自营斤选牛肉,否,96.76
牛丸（半斤）.,9,1745,52350.0,30.0,牛肉,主,自营斤选牛肉,否,96.86
【单人套餐】鲜牛丸+嫩牛肉（广佛）,10,871,52172.9,59.9,牛肉,辅,外卖套餐,否,96.97
鹿茸菇（煮8分钟）,10,2707,48726.0,18.0,蔬菜及配菜,佐,营养配菜,否,97.06
可口可乐,10,11657,48192.0,4.0,饮品啤酒白酒洋酒,,饮品啤酒白酒洋酒,是,97.15
生牛丸（煮10分钟）.,10,1476,47406.0,32.0,牛肉,主,自营鲜牛肉,否,97.25
匙柄肉（半斤）.,10,537,45645.0,85.0,牛肉,主,自营斤选牛肉,否,97.34
至尊牛丸（煮5分钟）个,10,7269,43614.0,6.0,牛肉,辅,牛丸牛杂,否,97.42
麻辣大满贯冒菜（配米饭）+可乐,6,999,42857.1,42.9,米面,辅,外卖套餐,否,97.5
牛骨清汤.,10,1779,35580.0,20.0,自营锅底,辅,自营锅底,否,97.57
牛鞭（煮3分钟）,10,610,35380.0,58.0,牛肉,辅,牛丸牛杂,否,97.64
牛尾（煮5分钟）,10,736,35328.0,48.0,牛肉,辅,牛丸牛杂,否,97.71
匙仁肉（涮12秒）.,10,911,34618.0,38.0,牛肉,主,自营鲜牛肉,否,97.78
有嚼劲的牛大肚（煮2分钟）,10,1004,34136.0,34.0,牛肉,辅,牛丸牛杂,否,97.84
包厢费,3,3356,33560.0,10.0,其他,,其他,否,97.91
【双人套餐】牛肉至尊（至尊牛丸+肥牛+吊龙）（广佛）,10,354,31824.6,89.9,牛肉,辅,外卖套餐,否,97.97
紫菜炒牛肉饭,1,881,31716.0,36.0,牛肉,引,主食,否,98.03
海南小冬瓜,10,3923,31384.0,8.0,蔬菜及配菜,佐,营养配菜,否,98.1
牛胸口油（涮30秒）.,10,867,31378.0,36.0,牛肉,主,自营鲜牛肉,否,98.16
香菜,10,2597,31164.0,12.0,蔬菜及配菜,佐,营养配菜,否,98.22
土豆,10,2474,30549.0,12.0,蔬菜及配菜,佐,营养配菜,否,98.28
潮汕白玉吊瓜,10,2523,30276.0,12.0,蔬菜及配菜,佐,营养配菜,否,98.34
至尊牛丸（半斤）.,9,845,29575.0,35.0,牛肉,主,自营斤选牛肉,否,98.39
百威金尊瓶装428ml,6,2206,28678.0,13.0,饮品啤酒白酒洋酒,,饮品啤酒白酒洋酒,是,98.45
罐装沙茶酱,10,2327,27924.0,12.0,其他,,其他,否,98.5
牛丸250g 4包 109元,10,243,26487.0,109.0,牛肉,辅,牛丸牛杂,否,98.55
三花趾（涮12秒）.,10,678,26444.0,39.0,牛肉,主,自营鲜牛肉,否,98.61
双拼肉+丸汤粉.,1,753,26355.0,35.0,自营汤炒粉,,自营汤炒粉,否,98.66
鲜牛肉蛋糕,10,261,25578.0,98.0,牛肉,主,自家鲜牛肉,否,98.71
雪花肉（涮16秒）.,10,583,24486.0,42.0,牛肉,主,自营鲜牛肉,否,98.76
云南七彩土豆,10,1400,21000.0,15.0,蔬菜及配菜,佐,营养配菜,否,98.8
科罗娜300ml,8,1364,20460.0,15.0,饮品啤酒白酒洋酒,,饮品啤酒白酒洋酒,是,98.84
雪花啤酒(老雪)640ml（瓶）,2,1227,19632.0,16.0,饮品啤酒白酒洋酒,,饮品啤酒白酒洋酒,是,98.87
匙柄肉（涮12秒）.,10,513,19494.0,38.0,牛肉,主,自营鲜牛肉,否,98.91
椰子汁,9,3304,16520.0,5.0,饮品啤酒白酒洋酒,,饮品啤酒白酒洋酒,是,98.94
牛肉粿条汤.,1,525,15750.0,30.0,牛肉,,自营汤炒粉,否,98.98
王老吉310ml,8,2821,14958.0,5.0,饮品啤酒白酒洋酒,,饮品啤酒白酒洋酒,是,99.0
桑葚苹果汁300ml,10,1246,14952.0,12.0,华农原实酸奶,,华农原实酸奶,是,99.03
牛丸（半斤）,9,491,14730.0,30.0,牛肉,主,斤选牛肉,否,99.06
雪碧,10,3559,14706.0,4.0,饮品啤酒白酒洋酒,,饮品啤酒白酒洋酒,是,99.09
套餐换鸳鸯锅,5,512,14336.0,28.0,必点锅底,辅,必点锅底,否,99.12
凉瓜,10,1103,13864.0,12.0,蔬菜及配菜,佐,营养配菜,否,99.15
补差价,10,13573,13573.0,1.0,其他,,其他,否,99.17
干炒牛肉粿条+可乐套餐,2,260,13520.0,52.0,牛肉,辅,外卖套餐,否,99.2
山东冰糖番薯,10,1062,12744.0,12.0,蔬菜及配菜,佐,营养配菜,否,99.22
天地壹号苹果醋（罐装）,7,1786,12502.0,7.0,饮品啤酒白酒洋酒,,饮品啤酒白酒洋酒,是,99.25
粿条.,10,1892,12487.2,6.6,米面,引,自营主食,否,99.27
宋柚汁,9,1246,12460.0,10.0,饮品啤酒白酒洋酒,,饮品啤酒白酒洋酒,是,99.3
双层肉（半斤）.,10,155,12400.0,80.0,牛肉,主,自营斤选牛肉,否,99.32
双层肉（涮16秒）.,10,322,11592.0,36.0,牛肉,主,自营鲜牛肉,否,99.34
潮宝矿泉水（小）,10,3783,11349.0,3.0,饮品啤酒白酒洋酒,,饮品啤酒白酒洋酒,是,99.36
蓝妹罐装330ml,5,869,11297.0,13.0,饮品啤酒白酒洋酒,,饮品啤酒白酒洋酒,是,99.39
劲酒小（125ML）,8,620,11160.0,18.0,饮品啤酒白酒洋酒,,饮品啤酒白酒洋酒,是,99.41
喜力啤酒250ml（瓶）,3,919,11028.0,12.0,饮品啤酒白酒洋酒,,饮品啤酒白酒洋酒,是,99.43
包厢自助酱料费,1,1100,11000.0,10.0,其他,,其他,否,99.45
王老吉,5,2144,10720.0,5.0,饮品啤酒白酒洋酒,,饮品啤酒白酒洋酒,是,99.47
金标雪花纯生500ml（罐装）,3,1055,10550.0,10.0,饮品啤酒白酒洋酒,,饮品啤酒白酒洋酒,是,99.49
百威罐装330ml,8,1310,10480.0,8.0,饮品啤酒白酒洋酒,,饮品啤酒白酒洋酒,是,99.51
牛筋（煮2分钟）.,10,284,10224.0,36.0,牛肉,辅,自营牛丸牛杂,否,99.53
套餐换牛油辣搭清汤锅,5,334,10122.0,28.0,必点锅底,辅,必点锅底,否,99.55
华农原实乳酸菌250ml,10,1986,9930.0,5.0,华农原实酸奶,,华农原实酸奶,是,99.57
至尊套餐不参与其他优惠.,9,33,9504.0,288.0,自营套餐,辅,自营套餐,否,99.59
【夏季福利】嫩牛肉+至尊牛丸6个,10,137,8905.0,65.0,牛肉,辅,外卖套餐,否,99.61
小毛铺（125ML）,7,376,8272.0,22.0,饮品啤酒白酒洋酒,,饮品啤酒白酒洋酒,是,99.62
小郎酒（100ML）,9,366,8052.0,22.0,饮品啤酒白酒洋酒,,饮品啤酒白酒洋酒,是,99.64
至尊牛丸（半斤）,9,227,7945.0,35.0,牛肉,主,斤选牛肉,否,99.66
贵妃鲜木耳,10,659,7908.0,12.0,蔬菜及配菜,佐,营养配菜,否,99.67
大蓝妹640ml,3,302,7550.0,25.0,饮品啤酒白酒洋酒,,饮品啤酒白酒洋酒,是,99.69
小百年糊涂52°,10,386,6948.0,18.0,饮品啤酒白酒洋酒,,饮品啤酒白酒洋酒,是,99.7
潮發2人餐不参与其他优惠.,10,33,6138.0,186.0,自营套餐,辅,自营套餐,否,99.71
牛腩（煮2分钟）.,10,189,6048.0,32.0,牛肉,辅,自营牛丸牛杂,否,99.72
水果玉米.,10,419,5899.8,13.8,蔬菜及配菜,佐,自营营养配菜,否,99.73
天地壹号苹果醋（瓶装）,3,292,5840.0,20.0,饮品啤酒白酒洋酒,,饮品啤酒白酒洋酒,是,99.75
牛杂（煮2分钟）.,10,178,5340.0,30.0,牛肉,辅,自营牛丸牛杂,否,99.76
潮发有机挂面,10,781,5154.6,6.6,米面,引,主食,否,99.77
鲜丸套餐不参与其他优惠（广佛）.,9,34,5032.0,148.0,自营套餐,辅,自营套餐,否,99.78
牛丸粿条汤.,1,164,4920.0,30.0,牛肉,,自营汤炒粉,否,99.79
鲜牛丸4人套餐（广佛深）,10,14,4401.6,314.4,牛肉,辅,线上套餐,否,99.79
沙茶酱,10,4199,4199.0,1.0,酱料类,佐,酱料类,否,99.8
双拼丸+肉粿条汤,1,116,4060.0,35.0,米面,引,主食,否,99.81
勇闯天涯500ml（罐装）,2,413,3304.0,8.0,饮品啤酒白酒洋酒,,饮品啤酒白酒洋酒,是,99.82
外卖潮发4人全天套餐（深圳）,1,11,3278.0,298.0,外卖套餐,辅,外卖套餐,否,99.82
自热锅（一次性使用）,7,215,3225.0,15.0,酱料类,佐,酱料类,否,99.83
电锅.,8,78,3042.0,39.0,自营锅底,,自营锅底,否,99.84
【新春礼盒】2人火锅套餐牛气冲天（送饮料）,7,10,3040.0,304.0,外卖套餐,辅,外卖套餐,否,99.84
牛鞭（煮3分钟）.,9,46,2668.0,58.0,牛肉,辅,自营牛丸牛杂,否,99.85
潮发4人全天套餐（配自热锅）（深圳）,1,8,2544.0,318.0,外卖套餐,辅,外卖套餐,否,99.85
华农原实红枣枸杞牛奶250ml,10,505,2525.0,5.0,华农原实酸奶,,华农原实酸奶,是,99.86
可口可乐.,10,621,2492.0,4.0,自营饮料,,自营饮料,是,99.86
有嚼劲的牛大肚（煮2分钟）.,10,73,2482.0,34.0,牛肉,辅,自营牛丸牛杂,否,99.87
至尊牛丸250g真空包装,4,69,2415.0,35.0,牛肉,辅,牛丸牛杂,否,99.87
喜力星银啤酒500ml（罐装）,1,191,2292.0,12.0,饮品啤酒白酒洋酒,,饮品啤酒白酒洋酒,是,99.88
牛肉丸250g真空包装,7,75,2250.0,30.0,牛肉,辅,牛丸牛杂,否,99.88
葱花,10,2217,2217.0,1.0,酱料类,佐,酱料类,否,99.88
芹菜,10,2201,2201.0,1.0,蔬菜及配菜,佐,酱料类,否,99.89
外卖潮发2人全天套餐（深圳）,1,11,2068.0,188.0,外卖套餐,辅,外卖套餐,否,99.89
火锅组合酱料（酱油、小米椒、蒜蓉）,9,1992,1992.0,1.0,酱料类,佐,酱料类,否,99.9
蒜蓉,10,1902,1902.0,1.0,酱料类,佐,酱料类,否,99.9
潮发2人全天套餐（配自热锅）（深圳）,1,9,1872.0,208.0,外卖套餐,辅,外卖套餐,否,99.9
小米椒,10,1805,1805.0,1.0,酱料类,佐,酱料类,否,99.91
牛肉粿条汤,1,60,1800.0,30.0,牛肉,引,主食,否,99.91
柠檬鸭屎香（一扎）,2,63,1764.0,28.0,自制茶饮,引,饮品啤酒白酒洋酒,否,99.91
门店员工鸭屎香,8,572,1710.2800000000002,2.99,饮品啤酒白酒洋酒,,饮品啤酒白酒洋酒,是,99.92
[打边炉必点]生鲜牛肉,5,14,1610.0,115.0,牛肉,辅,外卖套餐,否,99.92
银质习酒,3,5,1475.0,295.0,饮品啤酒白酒洋酒,,饮品啤酒白酒洋酒,是,99.92
天之蓝,1,3,1464.0,488.0,饮品啤酒白酒洋酒,,饮品啤酒白酒洋酒,是,99.93
鲜丸套餐不参与其他优惠（深圳）.,1,9,1404.0,156.0,自营套餐,辅,自营套餐,否,99.93
金质习酒,2,3,1374.0,458.0,饮品啤酒白酒洋酒,,饮品啤酒白酒洋酒,是,99.93
五花趾（涮12秒）.,8,31,1302.0,42.0,牛肉,主,自营鲜牛肉,否,99.93
青椒酱油,10,1274,1274.0,1.0,酱料类,佐,酱料类,否,99.94
潮发OK生日,8,13,1274.0,98.0,牛肉,主,自家鲜牛肉,否,99.94
炸蒜蓉,10,1236,1236.0,1.0,酱料类,佐,酱料类,否,99.94
花生酱,10,1229,1229.0,1.0,蔬菜及配菜,佐,酱料类,否,99.94
特辣王.,10,1227,1227.0,1.0,自营酱料类,佐,自营酱料类,否,99.95
人头马（700ML）,1,2,1176.0,588.0,饮品啤酒白酒洋酒,,饮品啤酒白酒洋酒,是,99.95
花生米,10,179,1168.0,8.0,蔬菜及配菜,佐,其他,否,99.95
牛筋丸（一斤）.,6,15,1050.0,70.0,牛肉,主,自营斤选牛肉,否,99.95
小百年糊涂33°,10,57,1026.0,18.0,饮品啤酒白酒洋酒,,饮品啤酒白酒洋酒,是,99.95
牛肉丸500g真空包装,5,17,1020.0,60.0,牛肉,辅,牛丸牛杂,否,99.96
习酒喜宴,2,2,996.0,498.0,饮品啤酒白酒洋酒,,饮品啤酒白酒洋酒,是,99.96
汤粉加一颗牛丸,1,320,956.8,2.99,牛肉,佐,酱料类,否,99.96
牛筋丸250g真空包装,4,31,930.0,30.0,牛肉,辅,牛丸牛杂,否,99.96
配送费,3,175,875.0,5.0,其他,,其他,否,99.96
香油,10,824,824.0,1.0,酱料类,佐,酱料类,否,99.97
汾酒20年,1,1,780.0,780.0,饮品啤酒白酒洋酒,,饮品啤酒白酒洋酒,是,99.97
嫩牛肉（涮12秒）.,7,26,754.0,29.0,牛肉,主,自营鲜牛肉,否,99.97
海之蓝,2,3,714.0,238.0,饮品啤酒白酒洋酒,,饮品啤酒白酒洋酒,是,99.97
奔富寇兰山,1,3,660.0,220.0,饮品啤酒白酒洋酒,,饮品啤酒白酒洋酒,是,99.97
套餐换牛大力牛骨清汤,10,65,650.0,10.0,必点锅底,辅,必点锅底,否,99.97
潮发南澳头水紫菜礼盒,5,5,640.0,128.0,蔬菜及配菜,,其他,否,99.97
名仕（700ml）,2,1,590.0,590.0,饮品啤酒白酒洋酒,,饮品啤酒白酒洋酒,是,99.97
酱油,10,589,589.0,1.0,酱料类,佐,酱料类,否,99.98
F1 鲜和牛（半斤）.,2,6,588.0,98.0,牛肉,主,自营斤选牛肉,否,99.98
湿炒牛肉粿条.,8,18,576.0,32.0,牛肉,,自营汤炒粉,否,99.98
潮宝矿泉水（大）,7,94,564.0,6.0,饮品啤酒白酒洋酒,,饮品啤酒白酒洋酒,是,99.98
【单人套餐】鲜牛丸+嫩牛肉,1,6,516.0,86.0,牛肉,辅,自营套餐,否,99.98
电锅,3,13,507.0,39.0,其他,,其他,否,99.98
轩尼诗VSOP（350ml）,1,1,498.0,498.0,饮品啤酒白酒洋酒,,饮品啤酒白酒洋酒,是,99.98
牛筋丸500g真空包装,4,8,480.0,60.0,牛肉,辅,牛丸牛杂,否,99.98
肥牛肉（涮16秒）.,6,13,429.0,33.0,牛肉,主,自营鲜牛肉,否,99.98
牛丸粿条汤,1,14,420.0,30.0,牛肉,引,主食,否,99.98
至尊牛丸（6粒 煮5分钟）.,5,12,408.0,34.0,牛肉,辅,自营牛丸牛杂,否,99.99
陈醋,10,383,383.0,1.0,酱料类,佐,酱料类,否,99.99
泸州老窖紫砂大曲（500ml）,2,1,378.0,378.0,饮品啤酒白酒洋酒,,饮品啤酒白酒洋酒,是,99.99
华农原实桑果汁300ml,2,31,372.0,12.0,华农原实酸奶,,华农原实酸奶,是,99.99
劲酒中（258ML）,2,13,364.0,28.0,饮品啤酒白酒洋酒,,饮品啤酒白酒洋酒,是,99.99
小糊涂仙（100ML）,3,18,360.0,20.0,饮品啤酒白酒洋酒,,饮品啤酒白酒洋酒,是,99.99
百威罐装500ml,3,34,340.0,10.0,饮品啤酒白酒洋酒,,饮品啤酒白酒洋酒,是,99.99
时蔬.,9,37,336.0,9.0,蔬菜及配菜,佐,自营营养配菜,否,99.99
小蓝妹300ml（瓶装）,4,25,325.0,13.0,饮品啤酒白酒洋酒,,饮品啤酒白酒洋酒,是,99.99
F1 鲜和牛.,5,8,319.2,39.9,牛肉,主,自营鲜牛肉,否,99.99
牛肉丸（一斤）.,3,5,300.0,60.0,牛肉,主,自营斤选牛肉,否,99.99
小糊涂仙（250ML）,1,3,294.0,98.0,饮品啤酒白酒洋酒,,饮品啤酒白酒洋酒,是,99.99
老干妈,10,279,279.0,1.0,酱料类,佐,酱料类,否,99.99
泸州老窖头曲,1,2,276.0,138.0,饮品啤酒白酒洋酒,,饮品啤酒白酒洋酒,是,99.99
四特青花,1,2,276.0,138.0,饮品啤酒白酒洋酒,,饮品啤酒白酒洋酒,是,99.99
炸腐竹.,5,15,225.0,15.0,蔬菜及配菜,佐,自营营养配菜,否,100.0
头水紫菜.,6,12,192.0,16.0,蔬菜及配菜,佐,自营营养配菜,否,100.0
大百年糊涂,2,2,176.0,88.0,饮品啤酒白酒洋酒,,饮品啤酒白酒洋酒,是,100.0
罐装沙茶酱.,9,21,168.0,8.0,自营酱料类,佐,自营酱料类,否,100.0
无糖可口可乐,7,33,165.0,5.0,饮品啤酒白酒洋酒,,饮品啤酒白酒洋酒,是,100.0
非遗黑豆花.,7,8,130.0,16.0,蔬菜及配菜,佐,自营营养配菜,否,100.0
潮发蒜头酥,1,13,128.7,9.9,其他,,其他,否,100.0
干炒牛肉粿条.,1,4,128.0,32.0,牛肉,,自营汤炒粉,否,100.0
潮汕普宁豆干.,5,9,124.2,13.8,蔬菜及配菜,佐,自营营养配菜,否,100.0
劲酒大（520ML）,1,2,120.0,60.0,饮品啤酒白酒洋酒,,饮品啤酒白酒洋酒,是,100.0
牛丸（10粒 煮4分钟）.,4,4,116.0,29.0,牛肉,辅,自营牛丸牛杂,否,100.0
华农原实纯牛奶200ml,1,23,115.0,5.0,华农原实酸奶,,华农原实酸奶,是,100.0
牛丸（半份6粒 煮4分钟）.,3,6,114.0,19.0,牛肉,辅,自营牛丸牛杂,否,100.0
蚝油,10,188,94.0,0.5,酱料类,佐,酱料类,否,100.0
幸运蟹皇面.,6,12,79.2,6.6,米面,引,自营主食,否,100.0
萝卜.,4,9,72.0,8.0,蔬菜及配菜,佐,自营营养配菜,否,100.0
生鸡蛋,3,26,52.0,2.0,蔬菜及配菜,佐,其他,否,100.0
辣椒酱,1,41,41.0,1.0,酱料类,佐,酱料类,否,100.0
蒜蓉.,8,40,40.0,1.0,自营酱料类,佐,自营酱料类,否,100.0
补差价0.1,9,400,40.0,0.1,其他,,其他,否,100.0
麻辣大满贯冒菜,1,1,39.9,39.9,蔬菜及配菜,辅,外卖套餐,否,100.0
酱油.,7,37,37.0,1.0,自营酱料类,佐,自营酱料类,否,100.0
（套餐）至尊牛丸*4+牛丸*4,1,1,36.6,36.6,牛肉,辅,套餐菜品,否,100.0
火锅组合酱料,8,35,35.0,1.0,其他,,其他,否,100.0
小米椒.,6,33,33.0,1.0,自营酱料类,佐,自营酱料类,否,100.0
王老吉310ml.,2,6,30.0,5.0,自营饮料,,自营饮料,是,100.0
葱花.,7,28,28.0,1.0,自营酱料类,佐,自营酱料类,否,100.0
沙茶酱.,5,27,27.0,1.0,自营酱料类,佐,自营酱料类,否,100.0
椰子汁.,5,5,25.0,5.0,自营饮料,,自营饮料,是,100.0
香菜.,6,24,24.0,1.0,蔬菜及配菜,佐,自营酱料类,否,100.0
芹菜.,7,21,21.0,1.0,蔬菜及配菜,佐,自营酱料类,否,100.0
（套餐）光南村豆腐,1,1,16.0,16.0,蔬菜及配菜,辅,套餐菜品,否,100.0
（套餐）非遗黑豆花,1,1,16.0,16.0,蔬菜及配菜,辅,套餐菜品,否,100.0
香油.,6,15,15.0,1.0,自营酱料类,佐,自营酱料类,否,100.0
炸蒜蓉.,5,9,9.0,1.0,自营酱料类,佐,自营酱料类,否,100.0
补差价0.01,9,124,1.24,0.01,其他,,其他,否,100.0
陈醋.,2,1,1.0,1.0,自营酱料类,佐,自营酱料类,否,100.0
老干妈.,1,1,1.0,1.0,自营酱料类,佐,自营酱料类,否,100.0
老干妈..,1,1,0.5,0.5,酱料类,佐,酱料类,否,100.0
芹菜..,1,1,0.5,0.5,蔬菜及配菜,佐,酱料类,否,100.0
潮发OK手提包,5,5,0.05,0.01,其他,,其他,否,100.0
长寿面,2,2,0.0,0.0,米面,引,主食,否,100.0
需要酱料（下单标配送沙茶酱与辣椒酱）,1,337,0.0,0.0,其他,,其他,否,100.0
需要酱料（按下单数量配酱料，多点不提供；其他酱料自行下单）,10,14703,0.0,0.0,酱料类,佐,酱料类,否,100.0
需要酱料（下单标配送沙茶酱与辣椒酱）.,9,151,0.0,0.0,自营酱料类,佐,自营酱料类,否,100.0
无需酱料,10,6248,0.0,0.0,酱料类,佐,酱料类,否,100.0
套餐酸奶换可乐,3,73,0.0,0.0,线下套餐,辅,线下套餐,否,100.0
无需酱料.,1,2,0.0,0.0,自营酱料类,佐,自营酱料类,否,100.0
湿炒牛肉粿条+牛丸汤.,1,0,0.0,38.0,牛肉,,自营汤炒粉,否,100.0
潮发南澳头水紫菜礼盒.,1,0,0.0,128.0,蔬菜及配菜,辅,自营套餐,否,100.0
国窖1573,1,0,0.0,1288.0,饮品啤酒白酒洋酒,,饮品啤酒白酒洋酒,是,100.0
半份玉米（cd）,1,0,0.0,8.0,蔬菜及配菜,辅,套餐菜品,否,100.0
赠送可乐,1,13,0.0,0.0,饮品啤酒白酒洋酒,,饮品啤酒白酒洋酒,是,100.0
赠送酸梅汁（1扎）,1,1,0.0,0.0,饮品啤酒白酒洋酒,,饮品啤酒白酒洋酒,是,100.0
赠送鸭屎香（1杯）,5,562,0.0,0.0,饮品啤酒白酒洋酒,,饮品啤酒白酒洋酒,是,100.0
轩尼诗,1,0,0.0,540.0,饮品啤酒白酒洋酒,,饮品啤酒白酒洋酒,是,100.0
赠送柠檬茶（1扎）,1,227,0.0,0.0,饮品啤酒白酒洋酒,,饮品啤酒白酒洋酒,是,100.0
F1 鲜和牛2人餐（广佛深）,1,0,0.0,177.4,线上套餐,辅,线上套餐,否,100.0
19.9潮发小黄车,2,56,0.0,0.0,其他,,其他,否,100.0
53珍酒500ml,2,0,0.0,280.0,饮品啤酒白酒洋酒,,饮品啤酒白酒洋酒,是,100.0
（套餐）罐装沙茶酱,1,0,0.0,12.0,蔬菜及配菜,辅,套餐菜品,否,100.0
（套餐）生牛丸,1,0,0.0,34.0,牛肉,辅,套餐菜品,否,100.0
